time,temperature_2m,relative_humidity_2m,apparent_temperature,precipitation,wind_speed_10m,wind_direction_10m,shortwave_radiation,direct_normal_irradiance,diffuse_radiation
2026-05-01T00:00,22.0,82,24.5,0.0,5.1,264,0.0,0.0,0.0
2026-05-01T01:00,21.9,83,24.7,0.0,4.0,260,0.0,0.0,0.0
2026-05-01T02:00,22.0,83,24.6,0.0,4.5,254,0.0,0.0,0.0
2026-05-01T03:00,21.9,84,24.5,0.0,4.8,255,0.0,0.0,0.0
2026-05-01T04:00,21.7,85,24.4,0.0,4.7,252,0.0,0.0,0.0
2026-05-01T05:00,22.8,76,25.1,0.0,5.2,61,0.0,0.0,0.0
2026-05-01T06:00,22.1,82,24.3,0.0,7.6,194,11.0,37.2,8.0
2026-05-01T07:00,22.5,83,24.6,0.0,10.1,251,153.0,380.6,64.0
2026-05-01T08:00,24.3,75,26.8,0.0,7.9,267,382.0,585.2,109.0
2026-05-01T09:00,26.8,65,29.7,0.0,7.9,300,614.0,727.0,126.0
2026-05-01T10:00,29.0,58,33.2,0.0,7.4,304,801.0,792.3,140.0
2026-05-01T11:00,29.6,54,34.2,0.0,7.8,292,913.0,803.7,154.0
2026-05-01T12:00,30.2,50,34.2,0.0,8.0,312,888.0,669.0,223.0
2026-05-01T13:00,31.0,48,35.4,0.0,7.3,314,918.0,753.0,180.0
2026-05-01T14:00,31.4,46,34.7,0.0,7.3,324,775.0,643.3,194.0
2026-05-01T15:00,31.6,45,34.1,0.0,7.0,318,645.0,625.7,164.0
2026-05-01T16:00,31.3,45,32.9,0.0,8.2,319,421.0,448.9,158.0
2026-05-01T17:00,26.3,64,28.4,0.0,8.9,216,199.0,261.4,103.0
2026-05-01T18:00,26.5,66,29.2,0.0,5.9,288,58.0,160.3,34.0
2026-05-01T19:00,26.0,68,29.2,0.0,3.3,202,0.0,0.0,0.0
2026-05-01T20:00,25.5,67,27.7,0.0,7.5,200,0.0,0.0,0.0
2026-05-01T21:00,24.6,67,26.6,0.0,6.5,222,0.0,0.0,0.0
2026-05-01T22:00,24.3,69,26.4,0.0,5.6,268,0.0,0.0,0.0
2026-05-01T23:00,24.1,73,26.4,0.0,7.7,210,0.0,0.0,0.0
2026-05-02T00:00,23.4,77,25.9,0.0,6.5,231,0.0,0.0,0.0
2026-05-02T01:00,22.6,81,25.0,0.0,7.8,202,0.0,0.0,0.0
2026-05-02T02:00,21.9,86,24.7,0.0,5.3,218,0.0,0.0,0.0
2026-05-02T03:00,21.6,88,24.6,0.0,4.0,249,0.0,0.0,0.0
2026-05-02T04:00,21.7,87,24.4,0.0,5.3,242,0.0,0.0,0.0
2026-05-02T05:00,22.4,86,25.4,0.0,5.7,288,0.0,0.0,0.0
2026-05-02T06:00,22.3,88,25.5,0.0,5.4,272,11.0,36.9,8.0
2026-05-02T07:00,23.6,84,27.0,0.0,6.1,238,158.0,395.5,65.0
2026-05-02T08:00,25.5,75,28.5,0.0,8.1,253,391.0,616.1,103.0
2026-05-02T09:00,27.7,62,30.6,0.0,8.7,266,619.0,735.2,125.0
2026-05-02T10:00,30.0,49,33.2,0.0,8.6,280,807.0,800.4,139.0
2026-05-02T11:00,30.7,45,35.2,0.0,4.0,288,927.0,818.5,154.0
2026-05-02T12:00,31.7,40,35.6,0.0,3.0,256,873.0,647.9,229.0
2026-05-02T13:00,32.6,36,36.4,0.0,2.8,255,912.0,767.5,160.0
2026-05-02T14:00,33.2,33,36.1,0.0,2.3,293,803.0,708.8,163.0
2026-05-02T15:00,33.3,32,34.6,0.0,4.7,293,652.0,666.2,140.0
2026-05-02T16:00,32.9,31,33.0,0.0,6.9,311,474.0,578.6,135.0
2026-05-02T17:00,31.6,36,31.9,0.0,8.1,321,227.0,375.5,89.0
2026-05-02T18:00,29.5,53,32.2,0.0,3.8,341,56.0,160.1,32.0
2026-05-02T19:00,28.5,55,31.1,0.0,4.0,291,0.0,0.0,0.0
2026-05-02T20:00,27.7,54,29.5,0.0,5.6,272,0.0,0.0,0.0
2026-05-02T21:00,27.1,48,27.3,0.0,10.3,196,0.0,0.0,0.0
2026-05-02T22:00,25.4,63,26.0,0.0,15.2,243,0.0,0.0,0.0
2026-05-02T23:00,24.5,75,26.4,0.0,12.8,222,0.0,0.0,0.0
2026-05-03T00:00,23.6,83,25.8,0.0,13.1,223,0.0,0.0,0.0
2026-05-03T01:00,22.9,89,25.5,0.0,12.0,221,0.0,0.0,0.0
2026-05-03T02:00,22.3,93,25.1,0.0,11.2,232,0.0,0.0,0.0
2026-05-03T03:00,22.0,96,24.8,0.0,11.0,238,0.0,0.0,0.0
2026-05-03T04:00,21.7,97,24.6,0.0,10.4,252,0.0,0.0,0.0
2026-05-03T05:00,21.7,98,24.6,0.0,11.2,237,0.0,0.0,0.0
2026-05-03T06:00,21.8,97,24.7,0.0,10.4,240,10.0,24.4,8.0
2026-05-03T07:00,22.8,90,25.9,0.0,9.2,259,134.0,232.6,79.0
2026-05-03T08:00,24.9,77,27.8,0.0,7.9,269,354.0,435.6,150.0
2026-05-03T09:00,27.3,62,29.8,0.0,8.5,272,606.0,675.2,152.0
2026-05-03T10:00,29.7,48,32.6,0.0,8.6,285,800.0,764.3,162.0
2026-05-03T11:00,31.4,37,33.9,0.0,9.0,299,928.0,802.6,170.0
2026-05-03T12:00,32.6,31,34.7,0.0,8.3,309,960.0,761.8,203.0
2026-05-03T13:00,33.1,29,34.6,0.0,7.9,303,863.0,662.6,214.0
2026-05-03T14:00,33.5,28,34.9,0.0,7.6,306,835.0,665.8,234.0
2026-05-03T15:00,33.1,28,33.0,0.0,7.1,322,609.0,506.2,220.0
2026-05-03T16:00,32.5,29,32.5,0.0,4.3,315,369.0,390.8,140.0
2026-05-03T17:00,32.0,31,31.8,0.0,7.2,305,260.0,426.9,103.0
2026-05-03T18:00,29.7,44,31.1,0.0,4.7,268,58.0,146.6,36.0
2026-05-03T19:00,28.3,43,28.9,0.0,6.1,242,0.0,0.0,0.0
2026-05-03T20:00,27.4,51,28.9,0.0,4.6,249,0.0,0.0,0.0
2026-05-03T21:00,27.3,48,28.4,0.0,4.6,281,0.0,0.0,0.0
2026-05-03T22:00,26.1,45,25.7,0.0,9.7,214,0.0,0.0,0.0
2026-05-03T23:00,24.1,64,25.1,0.0,9.4,206,0.0,0.0,0.0
2026-05-04T00:00,23.6,72,25.2,0.0,9.6,200,0.0,0.0,0.0
2026-05-04T01:00,23.4,77,25.4,0.0,9.2,200,0.0,0.0,0.0
2026-05-04T02:00,22.9,83,25.4,0.0,8.2,213,0.0,0.0,0.0
2026-05-04T03:00,22.3,88,25.1,0.0,8.0,220,0.0,0.0,0.0
2026-05-04T04:00,22.0,91,25.3,0.0,5.3,235,0.0,0.0,0.0
2026-05-04T05:00,21.9,96,25.2,0.0,7.8,248,0.0,0.0,0.0
2026-05-04T06:00,22.3,93,25.6,0.0,7.8,255,8.0,0.0,8.0
2026-05-04T07:00,23.4,85,26.3,0.0,8.3,274,105.0,122.0,76.0
2026-05-04T08:00,25.7,73,28.8,0.0,7.6,284,373.0,535.0,122.0
2026-05-04T09:00,28.5,58,31.3,0.0,7.8,289,608.0,707.4,132.0
2026-05-04T10:00,30.6,44,33.1,0.0,9.1,304,782.0,750.9,155.0
2026-05-04T11:00,31.6,39,34.6,0.0,8.5,333,913.0,800.6,157.0
2026-05-04T12:00,32.1,35,34.2,0.0,9.4,7,886.0,701.6,189.0
2026-05-04T13:00,32.2,33,33.4,0.0,8.5,28,754.0,548.4,217.0
2026-05-04T14:00,33.0,31,34.9,0.0,6.6,22,834.0,714.8,189.0
2026-05-04T15:00,33.4,28,33.5,0.0,8.8,356,649.0,661.3,141.0
2026-05-04T16:00,32.8,28,32.0,0.0,9.1,345,419.0,447.1,157.0
2026-05-04T17:00,32.0,29,30.9,0.0,10.8,336,235.0,377.6,96.0
2026-05-04T18:00,30.8,32,30.1,0.0,8.8,314,60.0,173.0,34.0
2026-05-04T19:00,28.9,49,30.9,0.0,2.6,344,0.0,0.0,0.0
2026-05-04T20:00,26.1,56,26.3,0.0,14.1,120,0.0,0.0,0.0
2026-05-04T21:00,25.0,61,26.5,0.0,6.3,141,0.0,0.0,0.0
2026-05-04T22:00,24.3,65,25.9,0.0,7.1,186,0.0,0.0,0.0
2026-05-04T23:00,24.1,63,25.4,0.0,6.4,140,0.0,0.0,0.0
2026-05-05T00:00,23.7,65,25.1,0.0,6.7,214,0.0,0.0,0.0
2026-05-05T01:00,23.1,69,24.7,0.0,6.0,196,0.0,0.0,0.0
2026-05-05T02:00,22.7,73,24.3,0.0,7.4,221,0.0,0.0,0.0
2026-05-05T03:00,22.5,73,24.2,0.0,6.3,217,0.0,0.0,0.0
2026-05-05T04:00,22.3,73,24.0,0.0,5.5,197,0.0,0.0,0.0
2026-05-05T05:00,22.3,75,24.6,0.0,2.7,188,0.0,0.0,0.0
2026-05-05T06:00,22.7,72,24.4,0.0,6.0,229,12.0,12.0,11.0
2026-05-05T07:00,24.2,67,25.8,0.0,7.8,247,154.0,347.6,71.0
2026-05-05T08:00,25.2,68,27.3,0.0,7.8,257,332.0,387.3,150.0
2026-05-05T09:00,27.2,59,29.3,0.0,6.9,276,466.0,271.8,283.0
2026-05-05T10:00,29.7,46,32.1,0.0,5.8,300,704.0,535.2,257.0
2026-05-05T11:00,30.1,42,33.5,0.0,3.7,313,869.0,689.4,218.0
2026-05-05T12:00,31.3,37,33.0,0.0,3.8,11,644.0,188.3,457.0
2026-05-05T13:00,31.6,33,31.5,0.0,7.7,30,527.0,189.0,342.0
2026-05-05T14:00,30.6,34,29.6,0.0,12.5,40,412.0,88.7,332.0
2026-05-05T15:00,31.0,33,30.4,0.0,10.5,38,506.0,317.7,262.0
2026-05-05T16:00,30.4,35,29.9,0.0,9.8,35,335.0,279.8,171.0
2026-05-05T17:00,29.9,35,29.2,0.0,10.6,43,192.0,209.0,115.0
2026-05-05T18:00,29.7,35,29.5,0.0,7.3,33,12.0,0.0,12.0
2026-05-05T19:00,29.5,36,29.8,0.0,4.0,58,0.0,0.0,0.0
2026-05-05T20:00,28.5,38,28.8,0.0,4.6,135,0.0,0.0,0.0
2026-05-05T21:00,27.4,47,28.1,0.0,6.3,165,0.0,0.0,0.0
2026-05-05T22:00,26.3,58,28.0,0.0,6.3,156,0.0,0.0,0.0
2026-05-05T23:00,24.8,69,27.3,0.0,5.1,197,0.0,0.0,0.0
2026-05-06T00:00,23.9,73,25.9,0.0,8.1,231,0.0,0.0,0.0
2026-05-06T01:00,23.1,75,25.1,0.0,7.1,240,0.0,0.0,0.0
2026-05-06T02:00,23.1,74,25.2,0.0,6.1,242,0.0,0.0,0.0
2026-05-06T03:00,23.1,75,25.1,0.0,7.6,270,0.0,0.0,0.0
2026-05-06T04:00,22.8,77,24.9,0.0,7.6,313,0.0,0.0,0.0
2026-05-06T05:00,23.1,76,25.4,0.0,5.8,304,0.0,0.0,0.0
2026-05-06T06:00,22.9,79,25.3,0.0,7.5,316,11.0,23.8,9.0
2026-05-06T07:00,24.0,75,26.4,0.0,7.6,322,139.0,279.3,72.0
2026-05-06T08:00,26.3,62,28.3,0.0,7.7,324,371.0,533.2,120.0
2026-05-06T09:00,29.1,46,30.3,0.0,9.0,330,605.0,703.5,131.0
2026-05-06T10:00,30.9,38,32.3,0.1,9.9,357,787.0,763.8,149.0
2026-05-06T11:00,30.8,40,33.0,0.1,8.7,6,822.0,630.2,227.0
2026-05-06T12:00,31.9,36,34.6,0.1,9.1,22,940.0,752.3,193.0
2026-05-06T13:00,32.2,35,33.9,0.2,11.2,28,867.0,663.2,218.0
2026-05-06T14:00,32.2,35,33.4,0.2,11.4,26,786.0,657.6,193.0
2026-05-06T15:00,32.1,36,32.8,0.0,10.5,27,643.0,595.1,186.0
2026-05-06T16:00,32.1,36,32.3,0.0,9.9,25,468.0,561.3,139.0
2026-05-06T17:00,30.4,42,31.0,0.0,9.6,96,184.0,151.9,128.0
2026-05-06T18:00,28.1,49,28.3,0.0,13.5,71,50.0,132.7,30.0
2026-05-06T19:00,26.6,55,26.8,0.0,14.6,90,0.0,0.0,0.0
2026-05-06T20:00,23.9,70,24.4,0.0,16.7,114,0.0,0.0,0.0
2026-05-06T21:00,23.4,76,24.7,0.0,13.9,114,0.0,0.0,0.0
2026-05-06T22:00,22.9,82,25.3,0.0,8.2,126,0.0,0.0,0.0
2026-05-06T23:00,23.7,77,25.3,0.0,12.8,112,0.0,0.0,0.0
2026-05-07T00:00,23.3,82,25.8,0.0,8.9,122,0.0,0.0,0.0
2026-05-07T01:00,22.7,88,25.6,0.0,8.7,137,0.0,0.0,0.0
2026-05-07T02:00,22.4,90,25.3,0.0,8.7,143,0.0,0.0,0.0
2026-05-07T03:00,22.1,88,24.9,0.0,7.8,136,0.0,0.0,0.0
2026-05-07T04:00,22.1,86,24.7,0.0,7.6,137,0.0,0.0,0.0
2026-05-07T05:00,21.9,94,25.1,0.0,7.4,135,0.0,0.0,0.0
2026-05-07T06:00,22.1,92,25.3,0.0,6.9,137,12.0,23.7,10.0
2026-05-07T07:00,23.4,83,26.4,0.0,7.3,152,146.0,303.0,73.0
2026-05-07T08:00,25.3,71,27.9,0.0,6.9,160,360.0,500.6,124.0
2026-05-07T09:00,27.2,59,29.6,0.0,7.0,162,586.0,651.2,147.0
2026-05-07T10:00,28.8,52,31.7,0.0,6.4,164,718.0,549.5,259.0
2026-05-07T11:00,28.7,55,32.9,0.0,5.2,180,821.0,589.0,265.0
2026-05-07T12:00,29.8,50,34.0,0.0,3.9,156,818.0,589.3,233.0
2026-05-07T13:00,30.9,45,34.7,0.0,3.3,119,800.0,567.4,245.0
2026-05-07T14:00,31.7,40,34.5,0.0,4.5,85,759.0,632.3,189.0
2026-05-07T15:00,31.9,37,33.3,0.0,6.2,80,645.0,612.2,175.0
2026-05-07T16:00,31.5,37,32.1,0.0,7.1,74,454.0,556.1,128.0
2026-05-07T17:00,30.8,38,31.2,0.0,8.0,82,259.0,447.0,94.0
2026-05-07T18:00,29.6,41,30.1,0.0,7.4,97,66.0,192.2,37.0
2026-05-07T19:00,28.4,50,30.3,0.0,3.3,84,0.0,0.0,0.0
2026-05-07T20:00,27.6,53,29.5,0.0,4.0,111,0.0,0.0,0.0
2026-05-07T21:00,26.7,57,28.6,0.0,5.3,125,0.0,0.0,0.0
2026-05-07T22:00,25.8,59,26.8,0.0,10.9,121,0.0,0.0,0.0
2026-05-07T23:00,25.1,66,26.4,0.0,11.7,126,0.0,0.0,0.0
2026-05-08T00:00,24.4,74,26.4,0.0,10.8,120,0.0,0.0,0.0
2026-05-08T01:00,23.7,81,26.3,0.0,9.2,121,0.0,0.0,0.0
2026-05-08T02:00,23.1,87,26.0,0.0,9.1,129,0.0,0.0,0.0
2026-05-08T03:00,22.3,89,25.1,0.7,8.6,154,0.0,0.0,0.0
2026-05-08T04:00,21.8,91,25.0,0.3,5.4,165,0.0,0.0,0.0
2026-05-08T05:00,22.5,91,26.2,0.0,4.9,94,0.0,0.0,0.0
2026-05-08T06:00,22.8,87,25.9,0.2,6.2,112,10.0,23.5,8.0
2026-05-08T07:00,23.8,82,27.1,0.0,5.0,105,124.0,206.7,74.0
2026-05-08T08:00,25.6,71,28.7,0.0,5.2,90,369.0,519.0,124.0
2026-05-08T09:00,27.6,58,30.2,0.0,6.1,67,593.0,658.3,149.0
2026-05-08T10:00,29.5,48,31.9,0.0,8.7,69,755.0,707.5,164.0
2026-05-08T11:00,30.7,43,33.3,0.0,10.4,62,861.0,699.3,201.0
2026-05-08T12:00,31.9,39,34.5,0.0,11.2,64,930.0,742.6,193.0
2026-05-08T13:00,32.7,36,34.4,0.0,13.4,59,892.0,680.0,227.0
2026-05-08T14:00,32.7,35,34.0,0.0,13.7,55,822.0,707.9,184.0
2026-05-08T15:00,32.8,35,33.3,0.0,12.9,62,650.0,591.4,196.0
2026-05-08T16:00,30.2,41,29.5,0.2,17.2,74,412.0,458.8,143.0
2026-05-08T17:00,30.4,41,30.2,0.2,14.8,54,146.0,151.6,90.0
2026-05-08T18:00,28.1,50,28.1,0.7,15.5,75,67.0,191.9,38.0
2026-05-08T19:00,26.7,60,27.6,0.1,14.3,85,0.0,0.0,0.0
2026-05-08T20:00,26.3,63,27.7,0.0,12.4,88,0.0,0.0,0.0
2026-05-08T21:00,25.6,67,27.4,0.0,10.8,105,0.0,0.0,0.0
2026-05-08T22:00,24.6,72,26.5,0.0,10.9,106,0.0,0.0,0.0
2026-05-08T23:00,23.8,79,25.9,0.0,11.8,101,0.0,0.0,0.0
2026-05-09T00:00,23.1,82,25.4,0.0,9.9,99,0.0,0.0,0.0
2026-05-09T01:00,22.5,86,25.1,0.0,7.9,101,0.0,0.0,0.0
2026-05-09T02:00,21.9,89,24.7,0.0,7.0,90,0.0,0.0,0.0
2026-05-09T03:00,21.6,90,24.5,0.0,6.1,71,0.0,0.0,0.0
2026-05-09T04:00,21.2,92,24.1,0.0,6.4,61,0.0,0.0,0.0
2026-05-09T05:00,21.7,89,24.5,0.0,6.3,92,0.0,0.0,0.0
2026-05-09T06:00,21.8,88,24.8,0.0,4.8,79,12.0,23.4,10.0
2026-05-09T07:00,23.1,78,25.7,0.0,5.5,67,150.0,288.2,80.0
2026-05-09T08:00,25.1,66,27.2,0.0,6.3,66,326.0,380.8,146.0
2026-05-09T09:00,27.2,56,29.0,0.0,6.2,75,500.0,431.3,209.0
2026-05-09T10:00,29.6,46,32.4,0.0,6.6,79,789.0,763.8,151.0
2026-05-09T11:00,30.0,45,33.2,0.0,8.1,84,882.0,753.5,171.0
2026-05-09T12:00,31.0,43,34.2,0.1,8.1,78,871.0,664.3,212.0
2026-05-09T13:00,31.8,40,34.9,0.1,7.1,63,854.0,674.2,195.0
2026-05-09T14:00,32.0,38,34.1,0.0,8.4,59,755.0,614.9,201.0
2026-05-09T15:00,29.9,46,30.8,0.5,11.7,70,579.0,518.6,181.0
2026-05-09T16:00,23.9,78,26.5,5.8,7.4,89,292.0,206.4,171.0
2026-05-09T17:00,26.7,61,27.7,0.1,15.0,101,125.0,70.3,99.0
2026-05-09T18:00,25.5,68,27.2,0.0,11.3,99,51.0,92.5,37.0
2026-05-09T19:00,24.4,76,26.6,0.0,11.1,98,0.0,0.0,0.0
2026-05-09T20:00,23.7,82,26.4,0.0,8.5,97,0.0,0.0,0.0
2026-05-09T21:00,23.0,86,25.8,0.0,8.2,105,0.0,0.0,0.0
2026-05-09T22:00,22.6,88,25.7,0.0,6.3,93,0.0,0.0,0.0
2026-05-09T23:00,23.1,89,26.1,0.0,9.5,100,0.0,0.0,0.0
2026-05-10T00:00,22.7,91,25.9,0.0,7.9,101,0.0,0.0,0.0
2026-05-10T01:00,22.4,92,26.0,0.0,5.6,111,0.0,0.0,0.0
2026-05-10T02:00,21.9,94,25.8,0.0,3.2,109,0.0,0.0,0.0
2026-05-10T03:00,21.7,95,25.6,0.0,2.7,82,0.0,0.0,0.0
2026-05-10T04:00,21.5,95,25.2,0.0,3.0,57,0.0,0.0,0.0
2026-05-10T05:00,21.5,95,24.9,0.0,5.2,59,0.0,0.0,0.0
2026-05-10T06:00,21.7,94,25.0,0.0,6.0,46,13.0,11.6,12.0
2026-05-10T07:00,22.9,87,25.9,0.0,7.8,48,139.0,180.5,95.0
2026-05-10T08:00,24.6,73,26.8,0.0,8.9,47,344.0,352.9,177.0
2026-05-10T09:00,26.5,59,27.9,0.0,9.0,52,495.0,308.2,287.0
2026-05-10T10:00,28.9,43,30.1,0.0,9.3,68,693.0,440.6,325.0
2026-05-10T11:00,30.6,37,32.7,0.0,9.5,80,928.0,787.6,185.0
2026-05-10T12:00,32.0,33,33.9,0.0,12.0,71,990.0,823.8,173.0
2026-05-10T13:00,32.5,29,32.9,0.0,15.8,56,925.0,742.0,200.0
2026-05-10T14:00,32.3,31,32.3,0.0,15.1,55,807.0,702.8,174.0
2026-05-10T15:00,32.6,27,30.8,0.0,15.3,58,548.0,480.9,179.0
2026-05-10T16:00,31.9,30,29.9,0.0,17.9,54,446.0,523.5,139.0
2026-05-10T17:00,31.5,29,29.5,0.0,16.2,61,239.0,399.7,91.0
2026-05-10T18:00,29.4,37,28.9,0.0,11.2,87,53.0,158.3,29.0
2026-05-10T19:00,27.7,48,28.2,0.0,9.3,103,0.0,0.0,0.0
2026-05-10T20:00,26.7,52,27.4,0.0,9.7,114,0.0,0.0,0.0
2026-05-10T21:00,25.4,59,26.3,0.0,9.7,112,0.0,0.0,0.0
2026-05-10T22:00,24.4,67,25.9,0.0,9.4,113,0.0,0.0,0.0
2026-05-10T23:00,24.3,74,26.2,0.0,11.3,121,0.0,0.0,0.0
2026-05-11T00:00,23.8,78,25.7,0.0,12.0,123,0.0,0.0,0.0
2026-05-11T01:00,23.0,85,25.4,0.0,10.2,122,0.0,0.0,0.0
2026-05-11T02:00,22.4,88,25.4,0.0,7.5,132,0.0,0.0,0.0
2026-05-11T03:00,22.0,92,25.1,0.0,6.6,127,0.0,0.0,0.0
2026-05-11T04:00,21.7,94,25.1,0.0,5.7,118,0.0,0.0,0.0
2026-05-11T05:00,21.9,98,25.9,0.0,4.5,130,0.0,0.0,0.0
2026-05-11T06:00,22.2,95,26.2,0.0,3.7,129,12.0,11.5,11.0
2026-05-11T07:00,23.9,82,27.8,0.0,2.3,151,131.0,159.4,92.0
2026-05-11T08:00,26.5,64,29.6,0.0,1.8,246,364.0,458.1,147.0
2026-05-11T09:00,28.8,48,30.8,0.0,2.3,321,559.0,503.6,219.0
2026-05-11T10:00,30.9,35,32.7,0.0,4.7,18,757.0,668.1,199.0
2026-05-11T11:00,31.4,34,33.3,0.0,5.4,339,796.0,647.9,185.0
2026-05-11T12:00,32.8,28,33.9,0.0,9.6,6,864.0,654.7,215.0
2026-05-11T13:00,33.1,27,32.8,0.0,14.2,21,810.0,611.2,213.0
2026-05-11T14:00,34.0,25,33.5,0.0,15.9,18,852.0,770.8,158.0
2026-05-11T15:00,34.0,24,32.2,0.0,16.9,14,651.0,640.0,160.0
2026-05-11T16:00,33.2,25,30.9,0.0,15.9,34,374.0,385.3,148.0
2026-05-11T17:00,32.3,25,30.3,0.0,13.1,33,208.0,275.1,106.0
2026-05-11T18:00,29.9,32,28.2,0.0,14.4,54,72.0,223.8,38.0
2026-05-11T19:00,29.3,33,27.9,0.0,11.7,54,0.0,0.0,0.0
2026-05-11T20:00,28.4,35,28.0,0.0,5.5,67,0.0,0.0,0.0
2026-05-11T21:00,27.9,36,27.2,0.0,7.6,71,0.0,0.0,0.0
2026-05-11T22:00,27.5,37,26.8,0.0,7.5,82,0.0,0.0,0.0
2026-05-11T23:00,26.3,45,26.1,0.0,8.6,102,0.0,0.0,0.0
2026-05-12T00:00,24.9,52,25.0,0.0,9.4,113,0.0,0.0,0.0
2026-05-12T01:00,23.6,63,24.3,0.0,9.5,111,0.0,0.0,0.0
2026-05-12T02:00,22.8,73,24.2,0.0,8.5,114,0.0,0.0,0.0
2026-05-12T03:00,22.1,79,24.3,0.0,4.8,143,0.0,0.0,0.0
2026-05-12T04:00,21.4,85,24.2,0.0,2.4,197,0.0,0.0,0.0
2026-05-12T05:00,22.2,77,24.8,0.0,1.9,229,0.0,0.0,0.0
2026-05-12T06:00,22.8,72,24.9,0.0,4.2,320,15.0,34.5,12.0
2026-05-12T07:00,24.6,62,26.4,0.0,4.5,317,164.0,366.7,74.0
2026-05-12T08:00,27.1,50,28.3,0.0,5.7,328,383.0,533.6,130.0
2026-05-12T09:00,29.5,40,30.1,0.0,7.2,3,608.0,673.8,153.0
2026-05-12T10:00,31.5,31,32.3,0.0,9.5,25,793.0,740.0,175.0
2026-05-12T11:00,32.4,31,34.1,0.0,10.2,37,928.0,805.1,169.0
2026-05-12T12:00,33.1,29,34.5,0.0,11.2,41,959.0,749.8,216.0
2026-05-12T13:00,33.1,28,32.2,0.0,13.8,43,654.0,429.1,235.0
2026-05-12T14:00,32.6,30,31.1,0.1,16.4,48,540.0,270.0,297.0
2026-05-12T15:00,32.2,33,31.3,0.2,14.7,49,454.0,362.4,176.0
2026-05-12T16:00,32.2,35,31.7,0.0,13.2,55,418.0,436.3,162.0
2026-05-12T17:00,32.2,31,31.0,0.0,13.5,67,231.0,312.5,115.0
2026-05-12T18:00,30.6,36,29.8,0.0,13.8,77,71.0,197.2,41.0
2026-05-12T19:00,29.7,41,29.6,0.0,12.4,87,0.0,0.0,0.0
2026-05-12T20:00,28.9,45,29.3,0.0,10.5,98,0.0,0.0,0.0
2026-05-12T21:00,28.4,47,28.9,0.0,10.2,111,0.0,0.0,0.0
2026-05-12T22:00,27.1,52,28.0,0.0,9.2,123,0.0,0.0,0.0
2026-05-12T23:00,26.7,53,27.6,0.0,8.5,126,0.0,0.0,0.0
2026-05-13T00:00,25.8,57,27.0,0.0,7.1,131,0.0,0.0,0.0
2026-05-13T01:00,24.9,62,26.5,0.0,6.1,156,0.0,0.0,0.0
2026-05-13T02:00,24.3,66,26.3,0.0,4.5,175,0.0,0.0,0.0
2026-05-13T03:00,24.0,68,26.3,0.0,3.1,183,0.0,0.0,0.0
2026-05-13T04:00,23.7,69,26.1,0.0,2.8,230,0.0,0.0,0.0
2026-05-13T05:00,23.3,76,25.9,0.0,4.6,211,0.0,0.0,0.0
2026-05-13T06:00,22.8,78,24.9,0.0,7.6,216,14.0,11.4,13.0
2026-05-13T07:00,23.7,77,26.1,0.0,8.1,233,156.0,288.4,85.0
2026-05-13T08:00,26.1,65,28.4,0.0,7.9,253,384.0,531.1,132.0
2026-05-13T09:00,28.8,50,30.5,0.0,8.5,269,609.0,666.3,159.0
2026-05-13T10:00,31.0,37,32.9,0.0,7.3,301,791.0,730.6,181.0
2026-05-13T11:00,31.8,34,34.1,0.0,7.5,323,897.0,738.5,201.0
2026-05-13T12:00,32.5,32,33.9,0.1,9.1,350,821.0,595.6,231.0
2026-05-13T13:00,33.3,31,34.7,0.0,11.7,4,882.0,659.8,238.0
2026-05-13T14:00,33.2,32,34.1,0.1,11.4,12,775.0,602.4,233.0
2026-05-13T15:00,33.3,31,33.4,0.1,12.1,21,663.0,628.4,181.0
2026-05-13T16:00,32.7,29,31.6,0.2,12.9,21,483.0,547.0,162.0
2026-05-13T17:00,33.7,25,32.4,0.0,10.9,27,236.0,296.0,126.0
2026-05-13T18:00,32.7,26,31.1,0.0,12.5,40,62.0,65.6,52.0
2026-05-13T19:00,31.8,28,30.4,0.0,11.9,70,0.0,0.0,0.0
2026-05-13T20:00,30.5,32,29.6,0.0,10.4,90,0.0,0.0,0.0
2026-05-13T21:00,29.3,35,28.6,0.0,10.1,95,0.0,0.0,0.0
2026-05-13T22:00,28.7,36,28.1,0.0,8.5,94,0.0,0.0,0.0
2026-05-13T23:00,27.4,46,27.8,0.0,7.1,153,0.0,0.0,0.0
2026-05-14T00:00,26.6,52,27.5,0.0,7.2,143,0.0,0.0,0.0
2026-05-14T01:00,25.6,57,26.8,0.0,7.0,151,0.0,0.0,0.0
2026-05-14T02:00,24.8,63,26.5,0.0,6.1,183,0.0,0.0,0.0
2026-05-14T03:00,24.1,69,26.3,0.0,4.9,253,0.0,0.0,0.0
2026-05-14T04:00,24.2,65,26.0,0.0,5.1,321,0.0,0.0,0.0
2026-05-14T05:00,24.0,77,26.5,0.0,8.1,321,0.0,0.0,0.0
2026-05-14T06:00,23.7,87,26.9,0.0,9.8,325,14.0,22.8,12.0
2026-05-14T07:00,24.9,83,28.0,0.0,11.2,320,141.0,198.5,92.0
2026-05-14T08:00,27.0,70,29.8,0.0,10.7,323,331.0,315.9,181.0
2026-05-14T09:00,29.7,53,31.8,0.0,11.0,336,599.0,632.2,172.0
2026-05-14T10:00,32.0,38,33.5,0.0,11.7,358,766.0,696.0,185.0
2026-05-14T11:00,32.7,32,34.0,0.0,11.8,17,879.0,699.5,220.0
2026-05-14T12:00,33.0,29,33.5,0.0,12.4,26,837.0,610.0,233.0
2026-05-14T13:00,33.6,27,33.9,0.1,13.6,29,871.0,606.8,279.0
2026-05-14T14:00,33.5,28,33.3,0.0,13.6,18,756.0,497.0,309.0
2026-05-14T15:00,33.7,28,33.1,0.0,12.3,11,638.0,486.4,265.0
2026-05-14T16:00,33.2,28,32.2,0.0,11.8,19,427.0,347.5,223.0
2026-05-14T17:00,33.4,25,31.4,0.0,14.3,50,234.0,233.8,147.0
2026-05-14T18:00,32.2,27,30.8,0.0,12.0,53,65.0,72.0,54.0
2026-05-14T19:00,30.9,33,30.1,0.0,10.5,73,0.0,0.0,0.0
2026-05-14T20:00,30.1,36,30.0,0.0,7.8,86,0.0,0.0,0.0
2026-05-14T21:00,29.4,38,29.4,0.0,7.6,98,0.0,0.0,0.0
2026-05-14T22:00,28.7,41,28.9,0.0,7.9,101,0.0,0.0,0.0
2026-05-14T23:00,28.0,46,28.3,0.0,10.2,120,0.0,0.0,0.0
2026-05-15T00:00,26.2,56,27.3,0.0,8.4,143,0.0,0.0,0.0
2026-05-15T01:00,25.2,65,26.9,0.0,8.1,155,0.0,0.0,0.0
2026-05-15T02:00,24.3,70,26.3,0.0,7.2,177,0.0,0.0,0.0
2026-05-15T03:00,23.8,73,25.9,0.0,7.9,221,0.0,0.0,0.0
2026-05-15T04:00,22.9,79,25.3,0.0,6.7,254,0.0,0.0,0.0
2026-05-15T05:00,22.5,89,25.7,0.0,5.7,229,0.0,0.0,0.0
2026-05-15T06:00,22.7,84,25.6,0.0,5.6,274,14.0,22.7,12.0
2026-05-15T07:00,24.2,75,26.7,0.0,7.3,312,144.0,185.9,98.0
2026-05-15T08:00,26.8,65,29.0,0.0,9.9,322,360.0,423.0,159.0
2026-05-15T09:00,29.2,53,30.4,0.0,13.3,328,556.0,479.7,232.0
2026-05-15T10:00,30.8,44,32.0,0.0,14.1,338,695.0,460.1,311.0
2026-05-15T11:00,30.4,44,31.5,0.0,12.0,342,643.0,272.9,386.0
2026-05-15T12:00,30.0,45,30.7,0.0,10.7,337,301.0,14.1,287.0
2026-05-15T13:00,31.1,40,31.5,0.0,10.6,346,420.0,41.0,380.0
2026-05-15T14:00,30.9,38,30.8,0.4,11.4,3,292.0,50.0,247.0
2026-05-15T15:00,30.8,37,30.7,0.0,10.9,8,173.0,3.9,170.0
2026-05-15T16:00,30.9,37,30.8,0.0,10.4,17,162.0,3.4,160.0
2026-05-15T17:00,30.9,37,31.4,0.0,6.9,7,87.0,2.7,86.0
2026-05-15T18:00,30.1,40,31.1,0.0,5.0,2,20.0,0.0,20.0
2026-05-15T19:00,29.8,42,31.2,0.0,2.7,62,0.0,0.0,0.0
2026-05-15T20:00,29.3,44,30.8,0.0,3.4,267,0.0,0.0,0.0
2026-05-15T21:00,28.3,51,30.1,0.0,5.1,238,0.0,0.0,0.0
2026-05-15T22:00,27.8,57,30.2,0.0,4.4,212,0.0,0.0,0.0
2026-05-15T23:00,26.7,57,28.6,0.0,5.8,182,0.0,0.0,0.0
2026-05-16T00:00,26.7,58,28.7,0.1,5.3,190,0.0,0.0,0.0
2026-05-16T01:00,25.8,61,27.4,0.0,7.5,240,0.0,0.0,0.0
2026-05-16T02:00,24.4,70,26.3,0.2,8.0,130,0.0,0.0,0.0
2026-05-16T03:00,24.0,74,26.8,0.2,3.8,161,0.0,0.0,0.0
2026-05-16T04:00,24.0,75,26.8,0.1,4.5,233,0.0,0.0,0.0
2026-05-16T05:00,23.9,77,26.6,0.0,6.7,218,0.0,0.0,0.0
2026-05-16T06:00,23.6,80,26.4,0.0,6.7,254,14.0,22.6,12.0
2026-05-16T07:00,24.9,74,27.9,0.0,5.7,281,142.0,250.0,80.0
2026-05-16T08:00,27.3,63,29.9,0.0,6.9,307,332.0,378.6,152.0
2026-05-16T09:00,28.9,52,30.8,0.0,6.6,317,373.0,204.3,235.0
2026-05-16T10:00,31.0,41,32.4,0.0,5.4,340,570.0,276.9,339.0
2026-05-16T11:00,31.8,42,34.0,0.0,2.7,8,524.0,154.0,379.0
2026-05-16T12:00,31.6,41,33.1,0.0,7.7,12,612.0,219.3,395.0
2026-05-16T13:00,27.9,57,29.8,0.7,10.1,254,575.0,280.0,302.0
2026-05-16T14:00,26.8,66,28.8,1.2,12.3,274,537.0,281.4,284.0
2026-05-16T15:00,26.4,66,28.6,0.7,9.7,301,494.0,339.1,234.0
2026-05-16T16:00,27.0,63,29.6,0.6,6.2,277,318.0,253.7,169.0
2026-05-16T17:00,33.2,29,32.1,0.2,13.2,59,192.0,190.3,121.0
2026-05-16T18:00,30.9,37,31.8,0.0,3.5,111,35.0,26.1,31.0
2026-05-16T19:00,28.7,48,30.1,0.0,5.7,242,0.0,0.0,0.0
2026-05-16T20:00,27.1,64,29.9,0.0,5.9,258,0.0,0.0,0.0
2026-05-16T21:00,27.0,65,30.2,0.0,4.0,300,0.0,0.0,0.0
2026-05-16T22:00,26.4,67,29.1,0.0,7.0,320,0.0,0.0,0.0
2026-05-16T23:00,26.3,69,29.6,0.0,4.2,313,0.0,0.0,0.0
2026-05-17T00:00,25.6,73,29.2,0.0,2.6,326,0.0,0.0,0.0
2026-05-17T01:00,25.0,77,28.6,0.0,3.5,246,0.0,0.0,0.0
2026-05-17T02:00,23.8,86,27.1,0.0,7.5,246,0.0,0.0,0.0
2026-05-17T03:00,22.8,90,26.2,0.0,7.2,242,0.0,0.0,0.0
2026-05-17T04:00,22.6,90,26.3,0.0,4.3,248,0.0,0.0,0.0
2026-05-17T05:00,22.9,83,26.3,0.0,3.2,273,0.0,0.0,0.0
2026-05-17T06:00,22.8,84,26.3,0.0,2.9,240,15.0,33.7,12.0
2026-05-17T07:00,24.0,79,27.2,0.0,4.9,268,156.0,301.7,81.0
2026-05-17T08:00,25.8,69,28.6,0.0,5.8,250,376.0,504.6,136.0
2026-05-17T09:00,27.8,59,30.6,0.0,4.6,252,573.0,570.1,188.0
2026-05-17T10:00,29.9,50,33.6,0.0,4.0,288,756.0,640.2,222.0
2026-05-17T11:00,30.9,40,35.0,0.0,0.7,256,867.0,630.2,274.0
2026-05-17T12:00,32.6,34,35.6,0.0,1.2,297,802.0,509.7,298.0
2026-05-17T13:00,33.5,31,35.8,0.0,4.0,360,807.0,591.1,231.0
2026-05-17T14:00,34.1,30,35.5,0.0,6.9,14,741.0,518.6,275.0
2026-05-17T15:00,33.0,32,32.8,0.0,10.0,13,413.0,176.1,278.0
2026-05-17T16:00,32.5,34,32.9,0.0,7.1,354,295.0,178.7,190.0
2026-05-17T17:00,33.1,28,31.8,0.0,13.9,25,133.0,58.9,111.0
2026-05-17T18:00,32.1,30,31.4,0.0,9.2,39,57.0,78.1,45.0
2026-05-17T19:00,31.5,32,31.7,0.0,4.3,92,0.0,0.0,0.0
2026-05-17T20:00,30.7,37,31.5,0.0,4.0,120,0.0,0.0,0.0
2026-05-17T21:00,29.3,45,30.1,0.0,8.1,143,0.0,0.0,0.0
2026-05-17T22:00,27.8,54,29.5,0.0,6.9,165,0.0,0.0,0.0
2026-05-17T23:00,25.8,68,28.1,0.0,8.0,188,0.0,0.0,0.0
2026-05-18T00:00,24.6,74,26.8,0.0,9.7,208,0.0,0.0,0.0
2026-05-18T01:00,23.6,78,25.7,0.0,10.3,203,0.0,0.0,0.0
2026-05-18T02:00,23.1,82,25.4,0.0,9.9,209,0.0,0.0,0.0
2026-05-18T03:00,22.8,86,25.3,0.0,10.0,221,0.0,0.0,0.0
2026-05-18T04:00,22.5,88,25.1,0.0,9.0,224,0.0,0.0,0.0
2026-05-18T05:00,22.8,91,25.5,0.0,11.8,211,0.0,0.0,0.0
2026-05-18T06:00,22.7,92,25.6,0.0,11.2,221,12.0,11.2,11.0
2026-05-18T07:00,23.7,85,26.6,0.0,9.8,232,66.0,8.0,64.0
2026-05-18T08:00,24.9,78,28.1,0.0,7.7,240,165.0,23.1,154.0
2026-05-18T09:00,25.9,73,29.0,0.0,8.0,247,246.0,44.4,216.0
2026-05-18T10:00,26.9,68,29.7,0.0,8.7,257,340.0,61.2,289.0
2026-05-18T11:00,30.5,50,34.4,0.0,7.4,276,823.0,603.9,255.0
2026-05-18T12:00,31.8,46,36.2,0.0,6.9,277,905.0,663.7,249.0
2026-05-18T13:00,32.7,43,37.1,0.1,5.8,266,887.0,678.6,226.0
2026-05-18T14:00,33.2,41,37.1,0.0,4.9,268,797.0,606.6,252.0
2026-05-18T15:00,31.7,45,33.7,0.2,6.9,250,340.0,90.0,271.0
2026-05-18T16:00,24.6,90,27.7,16.9,14.9,168,131.0,0.0,131.0
2026-05-18T17:00,23.2,91,26.0,8.9,12.7,231,81.0,26.7,71.0
2026-05-18T18:00,23.3,94,28.1,4.2,1.3,146,32.0,13.0,30.0
2026-05-18T19:00,23.2,93,27.0,0.6,8.2,213,0.0,0.0,0.0
2026-05-18T20:00,23.1,93,26.8,0.1,8.3,256,0.0,0.0,0.0
2026-05-18T21:00,23.1,93,26.8,0.0,7.8,248,0.0,0.0,0.0
2026-05-18T22:00,22.9,94,26.3,0.0,10.0,237,0.0,0.0,0.0
2026-05-18T23:00,22.6,96,26.2,0.0,8.6,240,0.0,0.0,0.0
2026-05-19T00:00,22.1,98,25.4,0.5,9.6,240,0.0,0.0,0.0
2026-05-19T01:00,22.0,98,24.9,0.2,12.6,229,0.0,0.0,0.0
2026-05-19T02:00,21.8,98,24.6,0.1,12.7,226,0.0,0.0,0.0
2026-05-19T03:00,21.5,98,24.4,0.0,10.7,230,0.0,0.0,0.0
2026-05-19T04:00,21.4,98,24.6,0.0,8.4,236,0.0,0.0,0.0
2026-05-19T05:00,21.6,95,24.4,0.0,10.4,234,0.0,0.0,0.0
2026-05-19T06:00,21.7,94,24.3,0.0,10.5,233,11.0,0.0,11.0
2026-05-19T07:00,22.6,88,25.1,0.0,11.3,239,125.0,116.2,96.0
2026-05-19T08:00,24.0,82,26.6,0.0,11.4,242,331.0,353.0,163.0
2026-05-19T09:00,25.9,74,28.4,0.0,12.9,249,569.0,571.7,183.0
2026-05-19T10:00,27.6,65,30.4,0.0,15.4,251,742.0,623.9,222.0
2026-05-19T11:00,28.2,63,31.5,0.1,13.6,259,782.0,475.4,335.0
2026-05-19T12:00,29.0,61,33.0,0.0,12.3,264,848.0,523.3,331.0
2026-05-19T13:00,28.9,61,32.6,0.0,11.5,261,751.0,460.1,303.0
2026-05-19T14:00,26.2,73,29.5,0.9,14.5,264,768.0,547.8,276.0
2026-05-19T15:00,26.3,74,29.8,0.5,7.5,281,335.0,139.6,228.0
2026-05-19T16:00,27.2,66,29.7,0.0,10.5,292,381.0,328.2,188.0
2026-05-19T17:00,25.2,79,28.2,0.6,10.6,312,199.0,189.5,128.0
2026-05-19T18:00,24.5,82,27.8,0.0,7.9,305,62.0,97.2,47.0
2026-05-19T19:00,24.0,84,27.5,0.0,6.5,273,0.0,0.0,0.0
2026-05-19T20:00,23.9,84,27.4,0.0,6.1,268,0.0,0.0,0.0
2026-05-19T21:00,23.7,87,27.5,0.0,5.2,268,0.0,0.0,0.0
2026-05-19T22:00,23.7,88,27.4,0.0,6.7,256,0.0,0.0,0.0
2026-05-19T23:00,24.1,86,27.3,0.0,10.2,234,0.0,0.0,0.0
2026-05-20T00:00,23.4,85,25.6,0.0,13.5,239,0.0,0.0,0.0
2026-05-20T01:00,22.7,85,24.8,0.0,12.4,242,0.0,0.0,0.0
2026-05-20T02:00,22.4,86,24.5,0.0,11.4,247,0.0,0.0,0.0
2026-05-20T03:00,22.1,87,24.2,0.0,11.2,251,0.0,0.0,0.0
2026-05-20T04:00,21.9,87,23.8,0.0,12.4,254,0.0,0.0,0.0
2026-05-20T05:00,22.2,89,24.4,0.0,11.6,244,0.0,0.0,0.0
2026-05-20T06:00,22.0,90,24.5,0.0,10.5,243,15.0,22.3,13.0
2026-05-20T07:00,23.0,86,25.5,0.0,11.1,248,152.0,268.2,85.0
2026-05-20T08:00,24.5,78,26.3,0.0,14.7,252,314.0,308.8,167.0
2026-05-20T09:00,25.6,74,28.0,0.0,12.3,256,415.0,211.9,272.0
2026-05-20T10:00,26.9,70,29.3,0.0,13.1,257,566.0,265.3,345.0
2026-05-20T11:00,28.7,60,32.2,0.0,13.6,263,841.0,610.8,267.0
2026-05-20T12:00,29.7,54,33.6,0.1,11.9,270,919.0,689.6,238.0
2026-05-20T13:00,29.8,54,32.9,0.0,12.9,255,820.0,562.0,273.0
2026-05-20T14:00,29.4,58,32.6,0.1,8.9,245,646.0,434.3,256.0
2026-05-20T15:00,30.0,55,32.3,0.1,11.3,262,581.0,452.6,234.0
2026-05-20T16:00,23.5,90,27.3,4.1,6.7,279,261.0,91.8,207.0
2026-05-20T17:00,26.3,76,29.8,1.3,7.9,231,95.0,45.3,78.0
2026-05-20T18:00,25.3,80,28.6,0.0,8.9,236,70.0,148.8,47.0
2026-05-20T19:00,25.2,80,28.5,0.0,8.7,265,0.0,0.0,0.0
2026-05-20T20:00,24.9,80,28.1,0.0,9.0,267,0.0,0.0,0.0
2026-05-20T21:00,24.5,82,27.6,0.0,8.8,269,0.0,0.0,0.0
2026-05-20T22:00,24.1,84,27.0,0.0,10.1,271,0.0,0.0,0.0
2026-05-20T23:00,24.4,84,27.2,0.0,12.1,268,0.0,0.0,0.0
2026-05-21T00:00,23.7,87,26.5,0.0,11.5,271,0.0,0.0,0.0
2026-05-21T01:00,23.1,88,25.8,0.0,11.5,268,0.0,0.0,0.0
2026-05-21T02:00,22.6,91,25.5,0.0,10.0,261,0.0,0.0,0.0
2026-05-21T03:00,22.3,93,25.3,0.0,9.5,256,0.0,0.0,0.0
2026-05-21T04:00,22.2,95,25.6,0.0,7.4,256,0.0,0.0,0.0
2026-05-21T05:00,22.6,95,26.2,0.0,7.8,247,0.0,0.0,0.0
2026-05-21T06:00,22.4,96,25.6,0.0,9.9,245,13.0,22.3,11.0
2026-05-21T07:00,23.5,88,26.2,0.0,12.4,249,139.0,219.8,84.0
2026-05-21T08:00,25.0,78,27.4,0.0,13.1,251,347.0,405.4,154.0
2026-05-21T09:00,26.7,71,29.5,0.0,10.7,254,544.0,496.4,209.0
2026-05-21T10:00,28.4,64,32.6,0.0,10.0,253,759.0,670.0,201.0
2026-05-21T11:00,29.8,59,34.6,0.0,10.0,255,897.0,741.0,201.0
2026-05-21T12:00,31.1,52,35.9,0.0,9.1,261,945.0,748.6,206.0
2026-05-21T13:00,31.6,48,35.7,0.0,7.4,263,839.0,608.5,247.0
2026-05-21T14:00,32.0,45,35.6,0.0,6.7,261,778.0,629.4,213.0
2026-05-21T15:00,32.0,45,34.4,0.0,7.1,263,589.0,491.8,212.0
2026-05-21T16:00,31.8,45,34.0,0.0,6.3,246,453.0,472.3,175.0
2026-05-21T17:00,29.5,54,32.0,0.0,5.8,236,258.0,348.6,127.0
2026-05-21T18:00,28.1,64,31.6,0.1,5.4,220,48.0,96.8,33.0
2026-05-21T19:00,27.5,67,31.0,0.0,4.3,246,0.0,0.0,0.0
2026-05-21T20:00,27.0,67,30.0,0.0,7.2,243,0.0,0.0,0.0
2026-05-21T21:00,26.2,70,28.7,0.0,10.5,262,0.0,0.0,0.0
2026-05-21T22:00,25.3,77,27.9,0.1,12.0,251,0.0,0.0,0.0
2026-05-21T23:00,22.3,89,24.4,0.0,13.2,266,0.0,0.0,0.0
2026-05-22T00:00,21.9,91,24.6,0.0,9.7,269,0.0,0.0,0.0
2026-05-22T01:00,22.3,90,24.9,0.0,11.0,271,0.0,0.0,0.0
2026-05-22T02:00,22.6,90,25.3,0.0,10.4,270,0.0,0.0,0.0
2026-05-22T03:00,22.6,91,25.1,0.1,12.3,255,0.0,0.0,0.0
2026-05-22T04:00,22.5,92,25.3,0.1,11.0,247,0.0,0.0,0.0
2026-05-22T05:00,22.0,92,24.5,0.0,10.8,270,0.0,0.0,0.0
2026-05-22T06:00,21.9,92,24.5,0.0,10.2,261,15.0,22.2,13.0
2026-05-22T07:00,23.1,87,25.7,0.0,10.7,250,152.0,251.6,89.0
2026-05-22T08:00,24.9,79,27.7,0.0,10.4,250,367.0,470.5,143.0
2026-05-22T09:00,26.9,70,29.6,0.0,11.8,258,579.0,587.0,183.0
2026-05-22T10:00,28.6,62,31.9,0.0,12.3,259,733.0,571.8,257.0
2026-05-22T11:00,27.7,62,31.4,0.0,11.6,277,868.0,645.4,262.0
2026-05-22T12:00,28.8,55,30.6,0.0,12.1,285,596.0,228.0,371.0
2026-05-22T13:00,28.9,53,30.2,0.0,11.5,279,444.0,118.2,329.0
2026-05-22T14:00,30.1,48,31.5,0.0,13.7,279,646.0,344.3,337.0
2026-05-22T15:00,30.2,49,31.8,0.0,12.1,285,607.0,447.4,264.0
2026-05-22T16:00,30.0,51,31.6,0.0,11.2,294,403.0,295.5,229.0
2026-05-22T17:00,26.9,66,28.7,0.3,13.6,325,201.0,207.3,123.0
2026-05-22T18:00,25.8,73,29.0,0.0,6.4,248,68.0,161.0,43.0
2026-05-22T19:00,24.7,77,27.8,0.0,6.0,267,0.0,0.0,0.0
2026-05-22T20:00,24.8,80,27.9,0.5,9.7,255,0.0,0.0,0.0
2026-05-22T21:00,22.5,85,24.6,0.1,11.3,239,0.0,0.0,0.0
2026-05-22T22:00,22.3,87,24.7,0.0,9.6,264,0.0,0.0,0.0
2026-05-22T23:00,23.3,85,26.0,0.0,9.6,250,0.0,0.0,0.0
2026-05-23T00:00,23.0,85,25.6,0.0,10.3,276,0.0,0.0,0.0
2026-05-23T01:00,22.7,86,25.3,0.0,9.0,264,0.0,0.0,0.0
2026-05-23T02:00,22.5,87,25.0,0.0,9.8,265,0.0,0.0,0.0
2026-05-23T03:00,22.3,87,24.7,0.0,10.4,272,0.0,0.0,0.0
2026-05-23T04:00,22.2,83,23.9,0.0,11.9,280,0.0,0.0,0.0
2026-05-23T05:00,21.7,92,24.4,0.0,9.1,253,0.0,0.0,0.0
2026-05-23T06:00,21.7,93,24.6,0.0,8.1,253,6.0,0.0,6.0
2026-05-23T07:00,22.0,91,24.6,0.0,10.7,240,47.0,0.0,47.0
2026-05-23T08:00,22.5,88,25.2,0.0,10.0,244,74.0,0.0,74.0
2026-05-23T09:00,24.5,78,27.0,0.0,10.7,261,340.0,142.4,244.0
2026-05-23T10:00,27.0,67,30.4,0.0,12.0,277,755.0,659.8,206.0
2026-05-23T11:00,25.9,70,30.1,0.0,9.4,300,842.0,598.9,280.0
2026-05-23T12:00,27.0,67,30.3,0.4,7.4,311,616.0,252.5,367.0
2026-05-23T13:00,26.5,69,30.2,0.1,9.7,318,738.0,370.3,378.0
2026-05-23T14:00,22.8,89,26.6,5.5,3.9,143,528.0,190.6,357.0
2026-05-23T15:00,24.6,80,28.8,0.5,0.9,259,313.0,78.3,253.0
2026-05-23T16:00,25.8,75,29.5,0.2,4.5,304,398.0,273.3,237.0
2026-05-23T17:00,24.4,85,27.5,0.0,10.9,292,186.0,103.5,147.0
2026-05-23T18:00,23.5,89,27.2,0.1,6.6,257,54.0,102.8,38.0
2026-05-23T19:00,23.5,92,27.0,0.0,10.0,256,0.0,0.0,0.0
2026-05-23T20:00,23.6,88,26.8,0.0,10.3,254,0.0,0.0,0.0
2026-05-23T21:00,23.0,89,25.8,0.0,11.1,253,0.0,0.0,0.0
2026-05-23T22:00,22.8,89,25.4,0.0,11.3,280,0.0,0.0,0.0
2026-05-23T23:00,23.0,93,26.1,0.1,11.8,286,0.0,0.0,0.0
2026-05-24T00:00,22.7,93,25.2,0.1,14.9,269,0.0,0.0,0.0
2026-05-24T01:00,22.4,94,25.1,0.0,12.1,267,0.0,0.0,0.0
2026-05-24T02:00,21.8,96,24.6,0.0,11.5,267,0.0,0.0,0.0
2026-05-24T03:00,21.8,97,24.8,0.0,9.7,271,0.0,0.0,0.0
2026-05-24T04:00,21.7,97,24.7,0.0,10.0,257,0.0,0.0,0.0
2026-05-24T05:00,21.3,96,23.9,0.0,11.3,253,0.0,0.0,0.0
2026-05-24T06:00,21.5,95,24.1,0.0,11.4,265,13.0,11.1,12.0
2026-05-24T07:00,22.6,88,24.6,0.0,14.1,280,124.0,107.7,97.0
2026-05-24T08:00,24.0,81,26.4,0.0,11.2,280,273.0,212.2,172.0
2026-05-24T09:00,24.6,78,27.0,0.0,11.9,272,288.0,100.9,220.0
2026-05-24T10:00,26.6,69,29.6,0.0,11.5,272,645.0,503.8,226.0
2026-05-24T11:00,28.5,58,31.8,0.0,12.3,276,818.0,599.2,256.0
2026-05-24T12:00,29.7,53,33.6,0.0,12.3,292,946.0,746.6,210.0
2026-05-24T13:00,29.9,53,33.1,0.0,11.6,309,820.0,520.7,314.0
2026-05-24T14:00,28.8,55,31.3,0.4,12.5,319,720.0,494.9,276.0
2026-05-24T15:00,29.0,53,31.1,0.8,9.7,326,614.0,540.0,200.0
2026-05-24T16:00,28.5,54,30.0,0.7,10.8,317,374.0,312.1,190.0
2026-05-24T17:00,29.0,50,31.3,1.9,2.9,7,226.0,301.9,112.0
2026-05-24T18:00,27.2,66,30.3,0.0,5.8,194,20.0,0.0,20.0
2026-05-24T19:00,25.6,73,27.7,0.0,12.7,211,0.0,0.0,0.0
2026-05-24T20:00,23.4,79,25.4,0.0,11.5,240,0.0,0.0,0.0
2026-05-24T21:00,23.0,83,25.3,0.0,10.5,248,0.0,0.0,0.0
2026-05-24T22:00,22.5,85,24.9,0.0,9.3,254,0.0,0.0,0.0
2026-05-24T23:00,21.9,93,24.4,0.0,11.2,222,0.0,0.0,0.0
2026-05-25T00:00,20.9,97,22.7,0.1,15.2,235,0.0,0.0,0.0
2026-05-25T01:00,20.8,96,23.0,0.0,11.3,224,0.0,0.0,0.0
2026-05-25T02:00,20.9,96,23.4,0.0,9.9,241,0.0,0.0,0.0
2026-05-25T03:00,21.1,96,23.6,0.0,10.5,245,0.0,0.0,0.0
2026-05-25T04:00,21.0,97,23.8,0.0,9.3,251,0.0,0.0,0.0
2026-05-25T05:00,20.6,97,23.2,0.0,9.2,242,0.0,0.0,0.0
2026-05-25T06:00,20.7,95,23.4,0.0,7.7,252,16.0,22.1,14.0
2026-05-25T07:00,22.2,87,25.1,0.0,6.3,273,158.0,291.0,85.0
2026-05-25T08:00,24.4,78,27.3,0.0,6.9,284,356.0,437.2,148.0
2026-05-25T09:00,26.6,68,29.1,0.0,9.2,291,546.0,534.4,186.0
2026-05-25T10:00,28.5,59,31.6,0.0,11.8,291,755.0,681.0,189.0
2026-05-25T11:00,29.6,52,33.3,0.0,10.2,291,889.0,745.6,190.0
2026-05-25T12:00,30.3,51,34.6,0.0,10.4,298,957.0,778.4,190.0
2026-05-25T13:00,31.0,51,35.8,0.0,8.4,301,941.0,775.1,188.0
2026-05-25T14:00,29.7,57,33.6,1.2,7.7,309,726.0,566.3,218.0
2026-05-25T15:00,29.9,56,32.8,0.7,6.7,306,493.0,408.2,180.0
2026-05-25T16:00,25.8,75,29.3,3.6,5.5,347,406.0,339.0,206.0
2026-05-25T17:00,27.4,69,31.1,0.6,5.2,205,125.0,108.4,84.0
2026-05-25T18:00,26.6,74,30.5,0.0,5.2,272,66.0,153.5,42.0
2026-05-25T19:00,26.0,78,30.1,0.0,4.8,236,0.0,0.0,0.0
2026-05-25T20:00,25.7,79,29.9,0.0,4.1,270,0.0,0.0,0.0
2026-05-25T21:00,25.3,77,28.7,0.0,6.2,240,0.0,0.0,0.0
2026-05-25T22:00,24.4,82,27.7,0.0,7.8,233,0.0,0.0,0.0
2026-05-25T23:00,24.7,83,27.8,0.0,10.9,243,0.0,0.0,0.0
2026-05-26T00:00,24.2,82,27.2,0.0,8.8,251,0.0,0.0,0.0
2026-05-26T01:00,23.5,83,26.4,0.0,7.8,255,0.0,0.0,0.0
2026-05-26T02:00,23.0,85,25.8,0.0,8.5,258,0.0,0.0,0.0
2026-05-26T03:00,22.5,87,25.3,0.0,8.5,268,0.0,0.0,0.0
2026-05-26T04:00,22.1,90,24.9,0.0,8.3,290,0.0,0.0,0.0
2026-05-26T05:00,21.6,94,24.6,0.0,7.7,254,0.0,0.0,0.0
2026-05-26T06:00,21.7,94,24.6,0.0,8.6,250,16.0,33.2,13.0
2026-05-26T07:00,23.0,86,25.7,0.0,9.9,261,156.0,287.0,84.0
2026-05-26T08:00,24.5,80,27.5,0.0,9.0,271,349.0,405.8,156.0
2026-05-26T09:00,26.3,72,29.4,0.0,9.4,274,582.0,600.0,178.0
2026-05-26T10:00,28.1,64,32.1,0.0,9.8,276,770.0,707.8,182.0
2026-05-26T11:00,29.1,61,34.0,0.0,8.9,283,895.0,751.4,191.0
2026-05-26T12:00,30.2,57,36.0,0.1,5.9,297,941.0,750.4,202.0
2026-05-26T13:00,30.7,55,35.6,0.1,6.7,294,843.0,593.1,267.0
2026-05-26T14:00,30.9,54,35.5,0.0,7.6,282,808.0,654.5,221.0
2026-05-26T15:00,30.7,54,34.1,0.0,6.1,284,608.0,521.6,208.0
2026-05-26T16:00,27.3,66,30.6,2.1,4.6,193,248.0,61.0,212.0
2026-05-26T17:00,24.1,86,27.8,0.8,6.1,114,138.0,71.2,111.0
2026-05-26T18:00,24.3,87,28.5,0.6,3.9,156,30.0,44.7,23.0
2026-05-26T19:00,24.7,82,28.7,0.1,4.2,168,1.0,0.0,1.0
2026-05-26T20:00,25.0,82,28.9,0.0,4.9,204,0.0,0.0,0.0
2026-05-26T21:00,24.7,82,28.7,0.0,3.6,57,0.0,0.0,0.0
2026-05-26T22:00,24.0,89,28.0,1.3,6.5,276,0.0,0.0,0.0
2026-05-26T23:00,21.4,94,23.9,1.6,10.2,280,0.0,0.0,0.0
2026-05-27T00:00,21.5,93,24.8,2.3,5.0,64,0.0,0.0,0.0
2026-05-27T01:00,21.4,94,24.5,0.7,5.9,297,0.0,0.0,0.0
2026-05-27T02:00,21.4,90,23.6,0.2,10.3,265,0.0,0.0,0.0
2026-05-27T03:00,21.3,93,23.5,0.5,10.9,257,0.0,0.0,0.0
2026-05-27T04:00,21.1,94,23.4,1.8,10.6,261,0.0,0.0,0.0
2026-05-27T05:00,21.2,96,24.1,1.8,8.7,278,0.0,0.0,0.0
2026-05-27T06:00,21.3,95,24.2,0.0,8.6,262,13.0,11.1,12.0
2026-05-27T07:00,22.3,91,25.4,0.0,7.2,257,105.0,63.8,89.0
2026-05-27T08:00,24.2,80,27.2,0.0,7.4,274,337.0,353.4,169.0
2026-05-27T09:00,26.1,70,28.9,0.0,8.5,297,579.0,585.5,185.0
2026-05-27T10:00,27.6,62,30.8,0.0,10.1,310,722.0,545.7,269.0
2026-05-27T11:00,27.8,61,31.6,0.0,9.7,317,816.0,526.5,323.0
2026-05-27T12:00,28.5,58,32.2,0.0,10.5,321,840.0,474.4,373.0
2026-05-27T13:00,28.5,57,30.9,0.0,11.7,329,672.0,280.2,400.0
2026-05-27T14:00,28.5,58,31.1,0.0,11.2,330,682.0,383.6,338.0
2026-05-27T15:00,28.4,58,30.6,0.0,9.0,325,529.0,397.6,224.0
2026-05-27T16:00,28.3,58,30.5,0.0,9.4,317,428.0,360.6,215.0
2026-05-27T17:00,28.0,62,30.6,0.0,8.2,303,247.0,318.7,126.0
2026-05-27T18:00,27.0,70,30.7,0.0,4.4,291,75.0,140.0,53.0
2026-05-27T19:00,26.0,75,29.8,0.0,4.6,239,1.0,0.0,1.0
2026-05-27T20:00,25.6,77,29.5,0.0,4.2,216,0.0,0.0,0.0
2026-05-27T21:00,25.3,76,28.8,0.0,5.6,222,0.0,0.0,0.0
2026-05-27T22:00,24.7,77,27.4,0.0,9.7,222,0.0,0.0,0.0
2026-05-27T23:00,23.4,84,26.4,0.0,7.6,211,0.0,0.0,0.0
2026-05-28T00:00,22.8,86,25.8,0.0,6.7,234,0.0,0.0,0.0
2026-05-28T01:00,22.3,88,25.3,0.0,7.2,245,0.0,0.0,0.0
2026-05-28T02:00,22.0,91,25.0,0.0,7.3,245,0.0,0.0,0.0
2026-05-28T03:00,21.9,92,25.0,0.0,6.6,249,0.0,0.0,0.0
2026-05-28T04:00,21.7,93,24.9,0.0,6.6,249,0.0,0.0,0.0
2026-05-28T05:00,21.5,97,24.7,0.0,7.6,248,0.0,0.0,0.0
2026-05-28T06:00,21.5,98,24.6,0.0,8.8,247,16.0,22.1,14.0
2026-05-28T07:00,22.7,90,25.5,0.0,10.5,257,139.0,171.4,96.0
2026-05-28T08:00,24.4,82,27.5,0.0,8.9,263,344.0,381.0,163.0
2026-05-28T09:00,26.3,72,29.4,0.0,10.1,269,585.0,620.1,168.0
2026-05-28T10:00,27.7,64,31.3,0.0,9.7,273,726.0,618.3,213.0
2026-05-28T11:00,29.0,59,33.4,0.0,9.3,278,864.0,651.8,254.0
2026-05-28T12:00,29.8,55,34.1,0.0,8.6,280,860.0,631.1,239.0
2026-05-28T13:00,30.4,52,34.7,0.0,7.9,294,859.0,611.0,266.0
2026-05-28T14:00,30.6,52,34.3,0.0,7.3,295,749.0,503.0,298.0
2026-05-28T15:00,30.3,54,33.6,0.0,6.4,306,639.0,552.6,215.0
2026-05-28T16:00,29.7,55,32.4,0.0,6.7,276,426.0,400.9,189.0
2026-05-28T17:00,27.3,66,30.4,0.3,6.3,153,246.0,354.9,111.0
2026-05-28T18:00,26.6,76,31.3,0.0,1.8,217,74.0,107.9,57.0
2026-05-28T19:00,26.2,75,30.4,0.0,3.2,183,1.0,0.0,1.0
2026-05-28T20:00,25.4,77,29.0,0.1,4.9,270,0.0,0.0,0.0
2026-05-28T21:00,24.2,76,26.8,0.1,7.6,255,0.0,0.0,0.0
2026-05-28T22:00,23.4,79,25.9,0.0,7.5,237,0.0,0.0,0.0
2026-05-28T23:00,23.3,82,25.7,0.0,10.7,254,0.0,0.0,0.0
2026-05-29T00:00,22.9,89,25.8,0.0,9.5,249,0.0,0.0,0.0
2026-05-29T01:00,22.4,94,25.6,0.0,8.7,236,0.0,0.0,0.0
2026-05-29T02:00,22.0,96,25.1,0.0,9.4,232,0.0,0.0,0.0
2026-05-29T03:00,21.6,97,24.8,0.0,8.4,239,0.0,0.0,0.0
2026-05-29T04:00,21.4,98,24.7,0.0,7.7,258,0.0,0.0,0.0
2026-05-29T05:00,21.2,98,24.6,0.0,6.3,267,0.0,0.0,0.0
2026-05-29T06:00,21.4,97,24.8,0.0,5.6,291,15.0,11.1,14.0
2026-05-29T07:00,22.5,90,25.8,0.0,6.5,275,125.0,103.7,99.0
2026-05-29T08:00,24.2,81,27.4,0.0,6.8,273,306.0,233.8,195.0
2026-05-29T09:00,26.4,70,29.3,0.0,9.2,264,579.0,584.8,186.0
2026-05-29T10:00,28.2,62,32.0,0.0,9.6,273,765.0,691.1,192.0
2026-05-29T11:00,29.3,58,34.0,0.0,8.1,267,888.0,729.1,206.0
2026-05-29T12:00,30.3,54,35.3,0.0,6.9,284,912.0,699.5,224.0
2026-05-29T13:00,31.1,52,35.8,0.0,9.1,295,928.0,749.3,201.0
2026-05-29T14:00,31.4,51,35.5,0.0,9.4,299,829.0,684.8,215.0
2026-05-29T15:00,30.9,49,33.4,0.0,9.2,312,634.0,548.6,213.0
2026-05-29T16:00,29.8,53,32.7,0.7,3.8,259,409.0,402.3,171.0
2026-05-29T17:00,29.3,50,31.2,0.1,6.5,309,251.0,325.3,127.0
2026-05-29T18:00,27.0,68,30.6,0.3,4.0,302,64.0,139.2,42.0
2026-05-29T19:00,26.1,75,29.8,0.0,5.4,200,1.0,0.0,1.0
2026-05-29T20:00,25.6,76,29.0,0.0,6.9,227,0.0,0.0,0.0
2026-05-29T21:00,25.1,72,26.8,0.0,14.0,229,0.0,0.0,0.0
2026-05-29T22:00,24.2,79,26.5,0.0,10.9,231,0.0,0.0,0.0
2026-05-29T23:00,22.4,84,24.5,0.0,10.5,243,0.0,0.0,0.0
2026-05-30T00:00,21.9,88,24.2,0.0,9.9,261,0.0,0.0,0.0
2026-05-30T01:00,21.7,90,24.2,0.0,9.0,264,0.0,0.0,0.0
2026-05-30T02:00,21.6,90,24.0,0.0,9.1,256,0.0,0.0,0.0
2026-05-30T03:00,21.3,91,23.7,0.0,9.2,254,0.0,0.0,0.0
2026-05-30T04:00,21.1,92,23.5,0.0,9.3,262,0.0,0.0,0.0
2026-05-30T05:00,20.7,98,23.3,0.0,9.3,254,0.0,0.0,0.0
2026-05-30T06:00,20.7,97,23.4,0.0,9.0,255,14.0,22.1,12.0
2026-05-30T07:00,22.0,88,24.3,0.0,10.9,263,105.0,51.9,92.0
2026-05-30T08:00,24.1,79,26.6,0.0,10.0,257,338.0,356.3,169.0
2026-05-30T09:00,26.2,71,29.1,0.0,9.5,259,592.0,644.8,159.0
2026-05-30T10:00,28.0,63,31.9,0.0,9.7,269,775.0,726.6,173.0
2026-05-30T11:00,29.1,57,33.5,0.0,9.2,293,902.0,776.6,176.0
2026-05-30T12:00,30.1,54,35.1,0.0,6.3,305,922.0,733.4,201.0
2026-05-30T13:00,30.7,51,35.5,0.0,5.5,324,884.0,702.1,203.0
2026-05-30T14:00,31.2,48,35.2,0.0,6.0,309,802.0,678.2,194.0
2026-05-30T15:00,31.3,47,34.8,0.0,3.7,325,679.0,667.0,167.0
2026-05-30T16:00,29.0,52,30.7,0.2,8.6,338,457.0,532.0,142.0
2026-05-30T17:00,25.2,76,28.5,0.4,5.3,303,203.0,217.3,120.0
2026-05-30T18:00,24.9,78,28.3,0.1,5.6,329,72.0,145.2,49.0
2026-05-30T19:00,24.4,81,28.1,0.0,4.6,329,1.0,0.0,1.0
2026-05-30T20:00,24.4,82,28.3,0.0,3.4,354,0.0,0.0,0.0
2026-05-30T21:00,24.3,85,28.4,0.0,4.1,315,0.0,0.0,0.0
2026-05-30T22:00,24.1,84,27.9,0.0,4.4,282,0.0,0.0,0.0
2026-05-30T23:00,22.1,85,24.8,0.0,6.5,256,0.0,0.0,0.0
2026-05-31T00:00,21.5,89,24.2,0.7,6.6,248,0.0,0.0,0.0
2026-05-31T01:00,21.3,88,23.4,0.3,9.5,268,0.0,0.0,0.0
2026-05-31T02:00,21.5,83,22.7,0.0,12.8,268,0.0,0.0,0.0
2026-05-31T03:00,21.2,83,22.2,0.2,13.2,255,0.0,0.0,0.0
2026-05-31T04:00,20.9,85,22.0,0.2,12.8,253,0.0,0.0,0.0
2026-05-31T05:00,21.9,94,25.2,0.0,7.4,257,0.0,0.0,0.0
2026-05-31T06:00,21.9,95,25.0,0.2,9.0,268,6.0,0.0,6.0
2026-05-31T07:00,22.4,94,25.7,0.0,7.8,279,79.0,20.0,74.0
2026-05-31T08:00,24.2,84,27.7,0.0,7.1,289,298.0,232.1,188.0
2026-05-31T09:00,26.7,70,29.9,0.0,9.1,297,588.0,630.4,165.0
2026-05-31T10:00,28.7,60,32.3,0.0,10.4,309,768.0,707.7,182.0
2026-05-31T11:00,27.9,59,32.0,0.0,9.0,314,878.0,721.4,204.0
2026-05-31T12:00,28.5,57,30.7,0.0,8.8,327,533.0,182.2,354.0
2026-05-31T13:00,29.8,52,33.6,0.0,7.7,336,824.0,545.5,295.0
2026-05-31T14:00,30.5,48,34.0,0.0,6.1,346,773.0,580.1,253.0
2026-05-31T15:00,30.3,48,32.5,0.0,6.3,340,581.0,472.8,218.0
2026-05-31T16:00,29.9,51,32.3,0.0,4.6,347,446.0,496.1,152.0
2026-05-31T17:00,29.1,52,31.2,0.0,5.7,323,254.0,373.6,111.0
2026-05-31T18:00,27.6,68,31.8,0.1,1.4,310,67.0,169.9,40.0
2026-05-31T19:00,27.0,73,31.6,0.0,1.4,220,1.0,0.0,1.0
2026-05-31T20:00,24.5,77,26.9,0.2,10.8,330,0.0,0.0,0.0
2026-05-31T21:00,23.3,85,27.2,0.5,1.7,221,0.0,0.0,0.0
2026-05-31T22:00,22.5,88,25.5,0.7,6.4,286,0.0,0.0,0.0
2026-05-31T23:00,22.8,86,25.8,0.6,6.2,168,0.0,0.0,0.0
